,Aroma,Flavor,Aftertaste,Acidity,Balance,greatCoffee
1,8.67,8.83,8.67,8.75,8.42,1
2,8.75,8.67,8.5,8.58,8.42,1
3,8.42,8.5,8.42,8.42,8.42,1
4,8.17,8.58,8.42,8.42,8.25,1
5,8.25,8.5,8.25,8.5,8.33,1
6,8.58,8.42,8.42,8.5,8.33,1
7,8.42,8.5,8.33,8.5,8.25,1
8,8.25,8.33,8.5,8.42,8.5,1
9,8.67,8.67,8.58,8.42,8.42,1
10,8.08,8.58,8.5,8.5,8.42,1
11,8.17,8.67,8.25,8.5,8.17,1
12,8.25,8.42,8.17,8.33,8.17,1
13,8.08,8.67,8.33,8.42,8.08,1
14,8.33,8.42,8.08,8.25,8.0,1
15,8.25,8.33,8.5,8.25,8.75,1
16,8.0,8.5,8.58,8.17,8.0,1
17,8.33,8.25,7.83,7.75,8.42,1
18,8.17,8.33,8.25,8.33,8.33,1
19,8.42,8.25,8.08,8.17,8.0,1
20,8.17,8.17,8.0,8.17,8.33,1
21,8.0,8.25,8.08,8.5,8.0,1
22,8.08,8.25,8.0,8.17,8.33,1
23,8.17,8.25,8.17,8.0,8.17,1
24,8.25,8.33,8.17,8.17,8.17,1
25,8.42,8.17,7.92,8.17,8.0,1
26,8.5,8.5,8.0,8.0,8.0,1
27,7.83,8.25,8.08,8.17,8.17,1
28,8.42,8.17,8.17,8.17,7.92,1
29,8.17,8.08,8.08,8.0,8.0,1
30,8.0,8.0,8.0,8.25,8.17,1
31,7.92,8.25,8.0,8.33,8.08,1
32,8.42,8.17,8.17,8.0,8.0,1
33,8.5,8.17,8.0,7.75,8.0,1
34,8.17,7.83,8.0,8.08,8.0,1
35,8.0,8.08,7.92,8.0,8.08,1
36,8.08,8.0,8.0,8.25,7.92,1
37,8.08,8.17,8.0,7.92,7.83,1
38,8.25,8.42,8.08,7.75,7.83,1
39,7.92,7.75,8.08,8.08,8.17,1
40,7.67,8.17,8.0,8.0,8.08,1
41,7.83,8.33,7.83,8.25,7.92,1
42,8.17,7.92,7.92,7.75,8.0,1
43,8.42,7.92,8.0,7.75,8.0,1
44,8.08,8.17,7.75,8.08,7.83,1
45,8.08,8.08,8.0,8.0,8.08,1
46,8.33,8.0,8.0,8.0,8.0,1
47,8.08,8.08,7.83,7.92,7.92,1
48,7.75,7.92,7.83,8.08,8.17,1
49,7.92,8.17,7.83,8.5,7.92,1
50,8.25,8.0,7.83,8.08,7.92,1
51,7.75,8.08,8.0,8.25,8.0,1
52,8.33,8.17,7.75,8.0,7.83,1
53,7.92,8.08,7.92,8.08,7.83,1
54,8.17,8.17,7.92,8.08,7.75,1
55,8.0,8.0,8.0,8.17,8.0,1
56,8.0,8.0,7.92,8.08,8.0,1
57,7.83,8.08,7.92,8.08,7.92,1
58,7.83,8.0,8.0,8.17,8.0,1
59,8.0,8.0,7.83,8.33,7.83,1
60,7.83,8.0,7.83,8.17,8.0,1
61,8.0,8.0,8.0,8.08,7.75,1
62,8.33,8.42,7.83,8.33,8.25,1
63,7.92,8.17,8.0,7.92,7.83,1
64,7.83,8.0,8.0,7.75,8.17,1
65,7.83,8.0,7.92,7.75,8.0,1
66,8.0,7.75,7.83,7.83,8.58,1
67,7.92,7.92,7.83,8.08,7.92,1
68,7.83,8.0,7.83,7.92,8.08,1
69,8.33,7.92,7.67,7.92,7.92,1
70,8.0,7.83,7.67,8.33,8.0,1
71,7.75,7.83,7.83,8.17,7.83,1
72,8.08,8.0,7.83,7.67,7.83,1
73,7.92,7.92,7.75,7.92,7.92,1
74,8.0,8.0,8.0,7.67,8.0,1
75,8.08,7.83,7.83,8.08,7.83,1
76,8.0,8.0,8.0,7.83,7.75,1
77,7.83,7.75,7.83,7.67,8.58,1
78,7.92,8.08,8.0,7.92,8.08,1
79,8.0,7.58,7.58,7.67,8.5,1
80,7.83,8.08,7.75,8.08,7.75,1
81,8.0,7.92,7.92,8.08,7.75,1
82,7.83,7.83,7.92,8.08,7.83,1
83,7.92,7.83,7.75,8.33,7.75,1
84,8.0,7.92,7.75,8.0,7.83,1
85,8.17,7.92,7.83,8.0,7.83,1
86,7.58,8.08,7.92,7.83,7.92,1
87,7.75,7.83,7.67,8.0,7.83,1
88,8.25,8.0,7.67,7.92,7.67,1
89,7.75,8.0,7.58,8.0,7.92,1
90,8.17,7.83,7.58,8.08,7.75,1
91,8.42,8.0,7.42,8.0,7.92,1
92,7.58,7.83,7.83,7.92,8.17,1
93,7.83,8.0,7.75,7.75,7.83,1
94,8.08,8.17,7.92,8.0,8.0,1
95,7.67,8.0,7.83,8.0,7.83,1
96,7.5,7.92,8.25,7.83,7.75,1
97,8.17,7.92,7.75,7.75,7.75,0
98,8.0,7.92,7.75,7.92,7.83,0
99,7.83,8.0,7.58,7.92,7.83,0
100,7.83,8.0,7.83,7.75,7.83,0
101,8.17,7.83,7.92,7.75,7.83,0
102,7.75,7.83,7.75,8.08,7.75,0
103,8.0,8.0,7.83,7.83,7.67,0
104,7.92,8.17,7.75,8.08,7.83,0
105,7.75,7.92,7.75,7.75,8.0,0
106,7.83,8.08,7.67,8.0,7.67,0
107,7.92,7.92,7.67,7.83,7.83,0
108,7.92,7.83,7.75,7.83,8.0,0
109,7.67,7.83,8.0,7.58,7.92,0
110,8.0,7.83,7.83,7.92,7.75,0
111,7.75,7.92,7.83,7.75,8.0,0
112,7.75,8.0,7.75,7.83,7.92,0
113,8.0,7.92,7.75,7.75,7.75,0
114,8.0,8.0,7.75,8.0,7.75,0
115,8.0,7.67,7.83,8.17,7.75,0
116,7.92,7.58,7.83,7.83,7.83,0
117,7.75,7.92,7.67,7.67,7.75,0
118,7.67,7.75,7.75,7.75,8.0,0
119,7.75,7.92,7.83,7.92,7.67,0
120,7.42,7.92,7.92,8.0,7.83,0
121,7.75,7.75,7.75,7.75,7.75,0
122,7.92,7.83,7.58,7.92,7.83,0
123,7.83,7.75,8.0,7.67,7.67,0
124,7.75,8.0,8.0,8.33,7.92,0
125,7.83,7.58,7.58,7.83,7.67,0
126,7.83,7.83,7.5,8.0,7.67,0
127,7.92,7.83,7.75,7.75,7.75,0
128,7.75,7.75,7.75,7.42,7.83,0
129,8.08,7.75,7.67,7.83,7.92,0
130,7.75,7.83,7.58,8.0,7.75,0
131,8.17,8.0,7.83,7.17,7.75,0
132,8.08,7.83,7.75,7.83,7.67,0
133,7.67,7.58,7.75,7.75,8.58,0
134,8.0,7.58,7.83,7.75,7.75,0
135,8.08,7.83,7.75,7.83,8.0,0
136,8.0,7.92,7.75,7.75,7.75,0
137,7.75,7.83,7.75,7.83,7.83,0
138,7.75,7.92,7.83,8.0,7.75,0
139,8.0,7.83,7.67,7.83,8.0,0
140,7.67,7.83,7.67,8.0,7.83,0
141,7.83,7.58,7.67,7.92,7.83,0
142,7.92,7.83,7.75,7.92,7.75,0
143,7.67,7.83,7.75,7.75,7.83,0
144,7.42,7.75,7.75,8.0,7.92,0
145,7.92,7.75,7.83,7.75,7.92,0
146,7.83,7.67,7.58,7.92,7.83,0
147,7.92,7.83,7.58,8.0,7.67,0
148,7.83,7.83,7.83,7.75,7.83,0
149,7.75,7.83,7.67,7.92,7.83,0
150,8.0,7.92,7.67,7.58,7.67,0
151,7.67,7.67,7.58,7.75,8.5,0
152,7.75,7.75,7.83,7.75,8.0,0
153,7.75,7.75,7.75,8.08,7.75,0
154,7.67,7.83,7.83,8.0,7.92,0
155,7.75,7.83,7.75,8.0,7.67,0
156,7.42,7.67,7.75,7.75,7.83,0
157,8.0,8.0,7.75,7.75,7.75,0
158,8.5,8.0,7.5,7.75,7.83,0
159,7.92,7.67,7.92,7.75,7.58,0
160,7.92,7.75,7.67,7.75,7.75,0
161,7.75,7.92,7.67,7.83,7.67,0
162,7.92,7.83,7.83,7.83,7.58,0
163,8.08,7.67,7.83,7.83,7.67,0
164,7.67,8.0,7.75,7.83,7.58,0
165,8.17,7.83,7.67,7.83,7.83,0
166,7.92,7.83,7.67,8.0,7.75,0
167,8.0,7.92,7.42,8.08,7.67,0
168,7.92,7.83,7.75,7.75,7.83,0
169,7.67,8.0,7.67,8.0,7.83,0
170,7.81,7.81,7.88,7.75,8.25,0
171,8.17,7.67,7.75,7.75,7.75,0
172,7.58,7.83,7.83,8.0,7.58,0
173,7.67,7.67,7.83,7.58,7.83,0
174,7.92,7.83,7.75,7.67,7.67,0
175,7.92,7.75,7.67,7.92,7.75,0
176,7.83,7.83,7.75,8.0,7.75,0
177,7.92,7.92,7.5,7.83,7.92,0
178,7.75,7.92,7.75,7.67,7.67,0
179,7.5,7.75,7.83,7.92,7.75,0
180,7.33,7.58,7.83,7.75,7.92,0
181,7.92,8.0,7.75,7.67,7.75,0
182,7.58,7.75,7.5,7.83,8.5,0
183,7.58,7.92,7.58,7.75,7.75,0
184,7.67,7.67,7.75,7.83,7.83,0
185,7.75,7.67,8.0,7.67,7.83,0
186,7.75,7.58,7.33,7.83,8.08,0
187,8.0,7.75,7.75,7.83,7.67,0
188,8.17,8.0,7.5,7.75,7.67,0
189,8.0,8.0,7.5,7.5,7.75,0
190,7.75,7.75,7.92,7.75,7.92,0
191,7.5,7.67,7.75,7.67,7.92,0
192,7.92,7.75,7.75,7.67,7.83,0
193,7.83,7.75,7.75,7.42,7.67,0
194,7.83,7.58,7.75,7.58,8.0,0
195,7.75,7.75,7.58,7.92,7.75,0
196,7.75,7.92,7.5,8.08,7.67,0
197,7.83,7.83,7.58,7.75,7.75,0
198,7.67,7.67,7.75,7.75,7.92,0
199,7.83,7.67,7.75,7.58,7.75,0
200,7.83,7.75,7.83,7.58,7.75,0
201,7.42,7.67,7.83,7.75,7.83,0
202,7.83,7.67,7.75,7.83,7.67,0
203,7.83,7.75,7.75,7.75,7.75,0
204,7.83,7.83,7.5,7.92,7.75,0
205,7.58,7.5,7.75,7.83,7.83,0
206,7.33,7.92,7.92,7.92,8.08,0
207,7.83,7.92,7.67,7.83,7.75,0
208,7.83,7.83,7.75,7.67,7.58,0
209,7.83,7.92,7.67,7.75,7.75,0
210,8.17,7.75,7.58,7.67,7.58,0
211,7.75,7.83,7.58,7.83,7.75,0
212,7.83,7.75,7.58,7.67,7.83,0
213,7.92,7.75,7.67,7.67,7.67,0
214,7.75,7.75,7.58,8.0,7.83,0
215,7.75,7.92,7.58,7.92,7.67,0
216,7.58,7.83,7.58,7.83,7.67,0
217,8.0,7.5,7.5,7.67,7.83,0
218,7.67,7.83,7.83,7.5,7.83,0
219,7.67,7.75,7.75,7.67,7.75,0
220,7.67,7.75,7.67,7.75,8.0,0
221,7.5,7.92,7.58,7.83,7.83,0
222,7.92,7.75,7.75,7.75,7.58,0
223,7.67,7.5,7.67,7.42,8.58,0
224,7.67,7.75,7.67,7.75,7.75,0
225,7.58,7.75,7.75,7.75,7.83,0
226,7.58,7.83,7.75,7.67,8.0,0
227,7.92,7.75,7.67,7.67,7.92,0
228,8.42,8.08,7.5,7.17,8.17,0
229,7.75,7.75,7.75,7.75,7.75,0
230,7.83,7.5,7.5,8.0,7.83,0
231,7.83,7.75,7.5,7.83,7.75,0
232,7.81,7.88,7.56,7.75,7.75,0
233,7.83,7.5,7.42,7.5,8.5,0
234,7.58,7.67,7.67,7.67,7.83,0
235,8.0,7.75,7.5,7.58,7.67,0
236,7.92,7.75,7.67,7.75,7.67,0
237,7.58,7.75,7.67,8.0,7.67,0
238,7.83,7.75,7.83,7.83,8.08,0
239,7.67,7.75,7.67,7.75,7.75,0
240,7.92,7.92,7.83,8.0,7.92,0
241,7.58,7.75,7.67,7.75,7.75,0
242,7.83,7.75,7.67,7.75,7.75,0
243,7.42,7.83,7.75,7.92,7.58,0
244,7.67,7.83,7.58,7.92,7.67,0
245,7.67,7.67,7.83,7.58,7.83,0
246,7.92,7.67,7.42,7.92,7.83,0
247,7.75,7.83,7.5,7.83,7.67,0
248,7.67,7.75,7.67,7.67,7.75,0
249,7.58,7.42,7.75,7.92,7.92,0
250,7.67,7.67,7.5,7.5,7.67,0
251,7.75,7.75,7.5,7.58,7.92,0
252,7.58,7.83,7.67,7.25,7.75,0
253,7.67,7.83,7.67,7.75,7.75,0
254,7.67,7.83,7.5,7.75,7.67,0
255,7.92,8.17,8.17,8.42,8.17,0
256,7.67,7.75,7.67,7.75,7.67,0
257,7.92,7.75,7.58,7.67,7.83,0
258,7.58,7.75,7.58,7.75,7.75,0
259,7.5,7.75,7.58,7.5,7.5,0
260,7.83,7.83,7.58,7.92,7.5,0
261,7.67,7.75,7.5,7.67,7.83,0
262,7.58,7.67,7.67,7.75,7.83,0
263,7.83,7.75,7.83,7.75,7.75,0
264,7.75,7.67,7.5,7.75,7.75,0
265,7.75,7.58,7.5,7.83,7.92,0
266,7.75,7.75,7.58,7.75,7.67,0
267,7.92,7.67,7.5,7.83,7.67,0
268,7.83,7.75,7.58,7.58,7.75,0
269,7.75,7.58,7.67,7.83,7.67,0
270,8.0,7.92,7.92,7.92,7.33,0
271,7.67,7.83,7.67,7.75,7.83,0
272,7.67,7.75,7.58,7.67,7.83,0
273,7.5,7.67,7.58,7.83,7.75,0
274,7.75,7.92,7.83,7.92,7.67,0
275,7.92,7.58,7.5,7.83,7.67,0
276,7.83,7.67,7.5,7.75,7.75,0
277,7.67,7.67,7.75,7.67,7.75,0
278,7.75,7.75,7.5,7.75,7.58,0
279,7.75,7.67,7.5,7.75,7.67,0
280,7.25,7.58,7.42,8.0,7.83,0
281,7.67,7.75,7.67,7.75,7.75,0
282,7.75,7.75,7.67,7.67,7.67,0
283,7.67,7.67,7.58,7.5,8.17,0
284,7.83,7.42,7.5,7.83,7.83,0
285,7.58,7.83,7.33,8.0,7.75,0
286,7.92,7.5,7.33,7.67,7.5,0
287,7.5,7.67,7.58,7.75,7.83,0
288,7.67,7.58,7.58,7.83,7.67,0
289,7.5,7.83,7.5,7.83,7.67,0
290,7.67,8.0,7.67,7.42,7.5,0
291,7.67,7.58,7.5,7.75,7.75,0
292,7.83,7.83,7.58,7.67,7.58,0
293,7.75,7.75,7.58,8.0,7.58,0
294,7.5,7.83,7.58,7.58,7.83,0
295,7.58,7.83,7.58,8.0,7.5,0
296,7.75,7.58,7.5,7.58,7.75,0
297,7.67,7.67,7.58,7.75,7.67,0
298,7.83,7.83,7.58,7.58,7.58,0
299,7.67,7.67,7.58,7.58,7.83,0
300,7.92,7.75,7.5,7.67,7.5,0
301,7.83,7.75,7.67,7.5,7.67,0
302,7.75,7.67,7.5,7.67,7.83,0
303,8.0,7.92,7.58,7.75,7.5,0
304,7.83,7.83,7.83,7.67,8.17,0
305,7.67,7.67,7.67,7.92,7.67,0
306,7.67,7.42,7.42,7.42,8.33,0
307,7.58,7.67,7.75,7.67,7.67,0
308,7.75,7.67,7.75,7.58,8.0,0
309,7.25,7.42,7.67,7.58,8.25,0
310,7.83,7.58,7.58,7.5,7.67,0
311,7.67,7.58,7.58,7.67,7.75,0
312,7.83,7.83,7.58,7.33,7.67,0
313,7.75,7.67,7.25,7.25,8.5,0
314,7.83,7.67,7.75,7.67,7.5,0
315,7.67,7.83,7.5,7.67,7.5,0
316,8.08,7.67,7.67,7.58,7.67,0
317,7.5,7.5,7.67,7.67,8.0,0
318,7.67,7.75,7.67,7.67,7.58,0
319,7.58,7.75,7.58,7.75,7.58,0
320,7.5,7.67,7.33,7.92,7.67,0
321,7.33,7.67,7.67,7.5,7.5,0
322,7.5,7.75,7.58,7.83,7.58,0
323,7.5,7.75,7.5,7.75,7.67,0
324,8.0,7.5,7.33,8.0,8.0,0
325,7.83,7.75,7.67,7.58,7.67,0
326,7.67,7.67,7.67,7.67,7.75,0
327,7.67,7.67,7.42,7.67,7.75,0
328,7.83,7.67,7.33,7.67,7.83,0
329,7.75,7.75,7.58,7.83,7.75,0
330,8.17,8.17,7.83,7.67,7.75,0
331,7.67,8.17,7.5,7.42,7.83,0
332,7.67,7.5,7.5,7.33,8.25,0
333,8.17,7.67,7.58,7.58,7.67,0
334,7.67,7.5,7.33,8.0,7.67,0
335,7.75,8.0,7.92,8.08,8.0,0
336,7.58,7.67,7.58,7.58,7.58,0
337,7.75,7.75,7.5,7.83,7.58,0
338,7.75,7.75,7.58,7.58,7.58,0
339,7.67,7.58,7.58,7.58,7.75,0
340,7.67,7.75,7.58,7.67,7.58,0
341,7.75,7.75,7.58,7.58,7.67,0
342,7.75,7.67,7.58,7.67,7.67,0
343,7.67,7.67,7.42,7.75,7.67,0
344,7.67,7.58,7.67,7.67,7.67,0
345,7.67,7.58,7.67,7.58,7.75,0
346,7.75,7.58,7.5,7.58,7.83,0
347,7.75,7.75,7.75,7.75,7.58,0
348,7.67,7.67,7.58,7.67,7.58,0
349,7.83,7.67,7.58,7.58,7.58,0
350,7.67,7.58,7.58,7.58,7.75,0
351,7.83,7.75,7.5,7.75,7.58,0
352,7.75,7.58,7.58,7.75,7.5,0
353,7.58,7.58,7.17,7.17,7.0,0
354,7.92,7.42,7.5,7.67,7.67,0
355,7.75,7.58,7.58,7.5,7.75,0
356,7.67,7.75,7.5,7.83,7.58,0
357,7.58,7.58,7.58,7.58,7.67,0
358,7.75,7.67,7.58,7.67,7.58,0
359,7.25,7.67,7.58,7.92,7.58,0
360,7.67,7.75,7.5,7.58,7.67,0
361,7.67,7.42,7.67,7.83,7.67,0
362,8.0,7.58,7.25,7.58,7.58,0
363,7.58,7.75,7.5,7.83,7.67,0
364,7.75,7.58,7.33,7.5,7.83,0
365,7.67,7.5,7.67,7.5,7.67,0
366,7.58,7.75,7.42,7.67,7.67,0
367,7.58,7.67,7.58,7.75,7.75,0
368,7.83,7.58,7.25,7.5,7.42,0
369,7.67,7.75,7.67,7.75,7.5,0
370,7.75,7.67,7.67,7.75,7.5,0
371,7.83,7.5,7.5,8.0,7.5,0
372,7.67,7.58,7.58,7.67,7.67,0
373,7.5,7.5,7.75,7.5,7.67,0
374,7.5,7.67,7.58,7.92,7.67,0
375,7.83,7.58,7.58,7.58,7.58,0
376,7.5,7.58,7.58,7.5,7.83,0
377,7.67,7.75,7.5,7.58,7.67,0
378,7.67,7.67,7.5,7.67,7.58,0
379,7.58,7.5,7.42,7.92,7.67,0
380,7.67,7.67,7.0,7.08,7.0,0
381,7.58,7.75,7.33,7.75,7.58,0
382,7.5,7.58,7.75,7.5,7.67,0
383,7.58,7.5,7.75,7.58,7.67,0
384,7.58,7.67,7.58,7.67,7.67,0
385,7.33,7.83,7.75,7.5,7.83,0
386,7.75,7.67,7.58,7.67,7.58,0
387,7.58,7.58,7.25,7.75,8.58,0
388,7.75,7.83,7.33,7.83,7.67,0
389,7.67,7.75,7.5,7.83,7.5,0
390,7.67,7.5,7.75,7.42,7.75,0
391,7.42,7.75,7.67,7.58,7.67,0
392,7.5,7.75,7.58,7.5,7.75,0
393,7.58,7.58,7.58,7.67,7.67,0
394,7.5,7.92,7.42,7.67,7.58,0
395,7.58,7.25,7.5,7.92,7.42,0
396,7.25,7.88,7.38,7.63,8.75,0
397,7.75,7.5,7.75,7.58,7.58,0
398,7.67,7.58,7.58,7.42,7.75,0
399,7.83,7.58,7.58,7.58,7.58,0
400,7.5,7.83,7.33,7.58,7.92,0
401,7.75,7.75,7.5,7.67,7.58,0
402,7.67,7.75,7.42,7.83,7.42,0
403,7.75,7.58,7.67,7.58,7.58,0
404,7.67,7.67,7.58,7.67,7.58,0
405,7.67,7.67,7.42,7.67,7.67,0
406,7.83,7.58,7.83,7.67,8.0,0
407,7.5,7.67,7.67,7.5,7.17,0
408,7.83,7.75,7.58,7.83,7.58,0
409,7.58,7.5,7.67,7.5,7.42,0
410,7.67,7.67,7.5,7.67,7.42,0
411,7.83,7.67,7.17,7.67,7.67,0
412,7.92,7.5,7.58,7.83,7.67,0
413,7.75,7.67,7.33,7.5,7.75,0
414,7.5,7.67,7.67,7.58,7.58,0
415,8.08,7.83,7.83,7.75,7.58,0
416,7.58,7.67,7.58,7.5,7.67,0
417,7.67,7.83,7.42,7.83,7.5,0
418,7.5,7.5,7.83,7.5,7.67,0
419,7.83,7.5,7.42,7.67,7.67,0
420,7.5,7.58,7.42,7.83,7.58,0
421,7.5,7.67,7.67,7.42,7.67,0
422,7.58,7.67,7.42,7.5,7.42,0
423,7.58,7.67,7.67,7.17,7.83,0
424,7.83,7.75,7.5,7.58,7.58,0
425,7.67,7.5,7.5,7.5,7.83,0
426,7.92,7.83,7.75,7.58,7.33,0
427,7.58,7.58,7.5,7.58,7.75,0
428,7.5,7.67,7.58,7.67,7.5,0
429,7.83,7.5,7.67,7.33,7.67,0
430,7.58,7.75,7.5,7.5,7.58,0
431,7.58,7.75,7.83,8.0,7.67,0
432,7.75,7.58,7.58,7.58,7.58,0
433,7.75,7.75,7.42,7.92,7.5,0
434,7.83,7.58,7.08,7.83,8.08,0
435,7.75,7.67,7.5,7.58,7.58,0
436,7.67,7.58,7.58,7.42,7.58,0
437,7.67,7.67,7.5,7.5,7.67,0
438,7.92,7.75,7.25,7.42,7.58,0
439,8.0,7.67,7.67,7.25,7.5,0
440,7.92,7.75,7.5,7.42,7.67,0
441,7.67,7.42,7.5,7.58,7.58,0
442,7.58,7.58,7.33,7.67,7.58,0
443,7.67,7.58,7.42,7.67,7.58,0
444,7.92,7.5,7.5,7.58,7.5,0
445,7.58,7.42,7.08,7.33,8.58,0
446,7.67,7.75,7.42,7.75,7.5,0
447,7.67,7.67,7.5,7.67,7.67,0
448,7.5,7.67,7.33,7.67,7.67,0
449,7.67,7.67,7.5,7.67,7.58,0
450,7.5,7.5,7.33,7.67,7.67,0
451,7.5,7.75,7.5,7.83,7.5,0
452,7.92,7.67,7.42,7.75,7.5,0
453,7.83,7.75,7.67,7.75,8.5,0
454,7.67,7.58,7.58,7.75,7.67,0
455,7.58,7.67,7.67,7.58,7.58,0
456,7.58,7.5,7.5,7.67,7.67,0
457,8.0,7.67,7.5,7.42,7.58,0
458,7.58,7.75,7.5,7.58,7.58,0
459,7.5,7.5,7.5,7.67,7.67,0
460,7.67,7.67,7.5,7.67,7.67,0
461,7.33,7.83,7.17,8.17,7.67,0
462,7.5,7.5,7.58,7.42,7.67,0
463,7.58,7.5,7.58,7.75,7.58,0
464,7.67,7.83,7.33,7.67,7.67,0
465,7.75,7.58,7.58,7.58,7.42,0
466,7.75,7.67,7.58,7.5,7.58,0
467,7.58,7.75,7.42,7.67,7.58,0
468,7.67,7.5,7.5,7.5,8.17,0
469,7.75,7.5,7.42,7.75,7.58,0
470,7.58,7.67,7.5,7.58,7.67,0
471,7.5,7.75,7.58,7.58,7.5,0
472,7.75,7.67,7.58,7.5,7.58,0
473,7.92,7.58,7.5,7.58,7.5,0
474,7.75,7.5,7.67,7.5,8.0,0
475,7.75,7.5,7.58,7.5,7.5,0
476,7.58,7.75,7.67,7.5,7.58,0
477,7.42,7.83,8.17,8.08,7.58,0
478,7.75,8.0,7.67,8.08,7.92,0
479,7.58,7.67,7.33,7.67,7.58,0
480,7.75,7.5,7.5,7.42,7.75,0
481,7.58,7.58,7.58,7.5,7.58,0
482,7.33,7.67,7.67,7.33,7.42,0
483,7.83,7.92,7.5,7.83,7.25,0
484,7.42,7.67,7.58,7.5,7.67,0
485,7.58,7.83,7.67,7.42,7.5,0
486,7.83,7.33,7.5,7.67,7.67,0
487,7.33,7.75,7.58,7.33,7.67,0
488,7.75,7.75,7.5,7.5,7.5,0
489,7.83,7.83,7.33,7.17,7.67,0
490,7.75,7.67,7.42,7.75,7.5,0
491,7.67,7.58,7.5,7.67,8.0,0
492,7.33,7.58,7.58,7.92,7.58,0
493,7.33,7.33,7.33,7.58,8.08,0
494,7.83,7.75,7.33,7.25,7.92,0
495,7.67,7.58,7.5,7.58,7.58,0
496,7.92,7.67,7.67,7.25,7.67,0
497,7.58,7.5,7.5,7.75,7.5,0
498,7.5,7.58,7.58,7.67,7.5,0
499,7.5,7.67,7.58,7.67,7.42,0
500,7.67,7.58,7.42,7.42,7.5,0
501,7.67,7.67,7.5,7.58,7.5,0
502,7.67,7.67,7.33,7.67,7.58,0
503,7.75,7.67,7.58,7.58,7.67,0
504,7.67,7.75,7.33,7.92,7.5,0
505,7.75,7.67,7.33,7.75,7.42,0
506,7.83,7.67,7.25,7.67,7.5,0
507,7.67,7.67,7.67,7.5,7.5,0
508,7.92,7.92,7.83,7.58,7.25,0
509,7.83,7.58,7.5,7.5,7.5,0
510,7.67,7.5,7.67,7.83,7.83,0
511,7.67,7.67,7.42,7.83,7.5,0
512,7.67,7.58,7.5,7.58,7.5,0
513,7.75,7.58,7.42,7.67,7.67,0
514,7.75,7.42,7.33,7.5,7.17,0
515,7.83,7.5,7.58,7.33,7.67,0
516,7.33,7.67,7.75,7.42,7.58,0
517,7.58,7.75,7.42,7.67,7.42,0
518,7.5,7.5,7.42,7.58,7.58,0
519,7.67,7.58,7.42,7.5,7.58,0
520,7.67,7.83,7.5,7.58,7.67,0
521,7.5,7.67,7.5,7.5,7.58,0
522,7.67,7.58,7.5,7.5,7.5,0
523,7.75,7.58,7.5,7.67,7.75,0
524,7.67,7.58,7.58,7.58,7.42,0
525,7.5,7.67,7.5,7.67,7.83,0
526,7.67,7.67,7.58,7.5,7.42,0
527,7.33,7.67,7.58,7.5,7.67,0
528,7.33,7.67,7.58,7.33,7.92,0
529,7.83,7.83,7.67,7.83,7.83,0
530,7.5,7.58,7.42,7.58,7.67,0
531,7.5,7.58,7.67,7.67,7.58,0
532,7.58,7.83,7.75,7.92,8.08,0
533,7.5,7.25,7.42,7.75,7.5,0
534,7.67,7.58,7.5,7.58,7.5,0
535,7.5,7.5,7.75,7.58,7.83,0
536,7.58,7.67,7.5,7.33,7.58,0
537,7.17,7.83,7.25,7.67,7.58,0
538,7.58,7.58,7.5,7.5,7.58,0
539,7.5,7.58,7.67,7.33,7.75,0
540,7.58,7.58,7.67,7.58,7.5,0
541,8.08,7.5,7.67,7.42,7.5,0
542,7.83,7.67,7.25,7.58,7.5,0
543,7.75,7.67,7.42,7.42,7.5,0
544,7.08,7.5,7.5,7.83,7.67,0
545,8.0,7.5,7.5,7.58,7.42,0
546,7.75,7.58,7.58,7.5,7.5,0
547,7.75,7.5,7.42,7.58,7.5,0
548,7.67,7.83,7.42,7.5,7.5,0
549,7.58,7.58,7.25,7.58,7.58,0
550,7.58,7.5,7.75,7.33,7.58,0
551,7.75,7.5,7.25,7.5,7.5,0
552,7.83,7.75,7.25,7.92,7.17,0
553,7.83,7.67,7.42,7.42,7.58,0
554,7.58,7.58,7.33,7.25,7.75,0
555,7.67,7.33,7.17,7.58,7.42,0
556,8.0,7.92,7.67,7.17,7.42,0
557,7.5,7.5,7.5,7.42,7.83,0
558,7.5,7.75,7.33,7.75,7.83,0
559,7.42,7.58,7.5,7.17,8.0,0
560,7.75,7.58,7.42,7.58,7.5,0
561,7.5,7.58,7.33,7.67,7.58,0
562,7.67,7.58,7.58,7.5,7.42,0
563,7.33,7.67,7.67,7.83,7.67,0
564,7.83,7.92,7.75,7.83,7.75,0
565,7.25,7.58,7.5,7.42,7.42,0
566,7.58,7.58,7.33,7.67,7.5,0
567,7.58,7.83,7.33,7.67,7.33,0
568,7.83,7.67,7.5,7.58,7.67,0
569,7.42,7.58,7.25,7.5,7.75,0
570,7.67,7.67,7.75,7.67,7.17,0
571,7.5,7.42,7.58,7.5,7.58,0
572,7.83,7.5,7.5,7.42,7.5,0
573,7.67,7.5,7.33,7.25,7.75,0
574,7.58,7.67,7.5,7.58,7.5,0
575,7.67,7.58,7.42,7.75,7.42,0
576,7.67,7.67,7.33,7.5,7.92,0
577,7.58,7.58,7.5,7.42,7.58,0
578,7.75,7.58,7.75,7.75,7.5,0
579,7.5,7.58,7.42,7.67,7.5,0
580,7.58,7.67,7.5,7.58,7.42,0
581,7.5,7.67,7.17,7.67,7.58,0
582,7.5,7.5,7.42,7.58,7.5,0
583,7.42,7.58,7.42,7.67,7.5,0
584,7.5,7.58,7.42,7.58,7.5,0
585,7.58,7.58,7.33,7.58,7.67,0
586,7.83,7.67,7.33,7.67,7.67,0
587,7.67,7.67,7.17,7.33,7.67,0
588,7.58,7.5,7.42,7.67,7.5,0
589,7.58,7.5,7.42,7.58,7.5,0
590,7.5,7.5,7.58,7.5,7.58,0
591,7.67,7.5,7.33,7.33,7.67,0
592,7.5,7.67,7.42,7.67,7.5,0
593,7.5,7.58,7.58,7.75,7.5,0
594,7.75,7.58,7.42,7.5,7.5,0
595,7.75,7.42,7.25,7.75,7.67,0
596,7.67,7.42,7.42,7.58,7.67,0
597,7.67,7.58,7.42,7.83,7.5,0
598,7.58,7.83,7.75,7.75,8.0,0
599,7.58,7.33,7.17,7.33,8.58,0
600,7.58,7.58,7.5,7.5,7.5,0
601,7.58,7.58,7.33,7.75,7.58,0
602,8.08,8.17,8.0,8.0,7.92,0
603,7.5,7.58,7.42,7.67,7.58,0
604,7.67,7.58,7.58,7.58,7.42,0
605,7.25,7.75,7.5,7.83,7.67,0
606,7.42,7.42,7.5,7.58,7.75,0
607,7.75,7.67,7.5,7.83,7.42,0
608,7.5,7.58,7.25,7.75,7.5,0
609,7.5,7.58,7.5,7.67,7.42,0
610,7.67,7.67,7.42,7.42,7.5,0
611,7.67,7.67,7.67,7.67,7.67,0
612,7.5,7.67,7.42,7.75,7.17,0
613,7.75,7.5,7.33,7.58,7.75,0
614,7.58,7.5,7.42,7.67,7.5,0
615,7.33,7.5,7.58,7.58,7.5,0
616,7.5,7.5,7.5,7.5,7.58,0
617,7.58,7.5,7.5,7.58,7.58,0
618,8.0,7.83,7.83,7.42,7.25,0
619,7.67,7.58,7.42,7.5,7.5,0
620,7.67,7.5,7.33,7.67,7.5,0
621,7.67,7.5,7.5,7.5,7.5,0
622,7.42,7.5,7.5,7.67,7.5,0
623,7.75,7.58,7.67,7.25,7.42,0
624,7.92,8.0,7.5,6.75,7.58,0
625,7.67,7.67,7.17,7.67,7.5,0
626,7.83,7.33,7.83,7.33,7.83,0
627,7.58,7.58,7.42,7.58,7.5,0
628,7.5,7.58,7.58,7.58,7.42,0
629,7.33,7.58,7.42,7.42,7.67,0
630,7.83,7.67,7.5,7.67,7.58,0
631,7.75,7.58,7.25,7.75,7.58,0
632,8.08,7.67,7.67,7.33,7.17,0
633,7.5,7.42,7.33,7.33,7.83,0
634,7.5,7.42,7.42,7.75,7.5,0
635,7.67,7.42,7.5,7.42,7.5,0
636,7.5,7.58,7.42,7.5,7.33,0
637,7.25,7.25,7.0,7.08,7.0,0
638,7.42,7.42,7.5,7.33,7.67,0
639,7.83,7.58,7.42,7.33,7.5,0
640,7.75,7.33,7.42,7.67,7.5,0
641,7.42,7.58,7.58,7.42,7.5,0
642,7.75,7.42,7.33,7.5,7.5,0
643,7.83,7.5,7.42,7.58,7.42,0
644,7.67,7.42,7.5,7.67,7.75,0
645,7.58,7.58,7.42,7.75,7.67,0
646,7.5,7.58,7.42,7.58,7.58,0
647,7.75,7.25,7.33,7.42,7.83,0
648,7.75,7.5,7.75,7.25,7.58,0
649,7.58,7.5,7.42,7.58,7.42,0
650,7.5,7.58,7.5,7.5,7.5,0
651,7.67,7.58,7.58,7.75,6.83,0
652,7.33,7.42,7.58,7.42,7.5,0
653,7.58,7.5,7.33,7.75,7.5,0
654,7.5,7.5,7.5,7.5,7.5,0
655,7.83,7.75,7.25,7.5,7.33,0
656,7.58,7.58,7.33,7.5,7.5,0
657,7.5,7.5,7.33,7.5,7.5,0
658,7.5,7.83,7.5,7.75,7.42,0
659,7.33,7.5,7.5,7.5,7.5,0
660,7.67,7.42,7.33,7.58,7.5,0
661,7.75,7.0,7.42,7.58,7.58,0
662,7.42,7.58,7.5,7.67,7.5,0
663,7.42,7.5,7.67,7.33,7.67,0
664,7.83,7.42,7.33,7.67,7.5,0
665,7.5,7.5,7.42,7.42,7.58,0
666,7.83,7.67,7.17,7.33,7.67,0
667,7.5,7.58,7.5,7.5,7.42,0
668,7.67,7.5,7.33,7.67,7.33,0
669,7.92,7.5,7.33,7.58,7.42,0
670,7.67,7.33,7.33,7.33,7.83,0
671,7.67,7.42,7.33,7.67,7.5,0
672,7.67,7.5,7.33,7.5,7.67,0
673,7.33,7.42,7.33,7.75,7.67,0
674,7.75,7.58,7.67,7.67,7.58,0
675,7.42,7.67,7.17,7.58,7.5,0
676,7.58,7.5,7.33,7.75,7.5,0
677,7.67,7.58,7.25,7.67,7.33,0
678,7.58,7.5,7.25,7.67,7.5,0
679,7.5,7.42,7.08,7.75,7.5,0
680,5.08,7.75,7.83,7.75,8.08,0
681,7.67,7.42,7.42,7.5,7.42,0
682,7.42,7.5,7.33,7.5,7.42,0
683,7.67,7.25,7.42,7.42,7.42,0
684,7.17,7.83,7.33,7.5,7.42,0
685,7.5,7.5,7.5,7.67,7.5,0
686,7.42,7.5,7.42,7.58,7.5,0
687,7.58,7.67,7.33,7.5,7.42,0
688,7.58,7.58,7.58,7.75,7.58,0
689,7.25,7.33,7.25,7.5,7.5,0
690,7.5,7.58,7.5,7.92,7.67,0
691,7.25,7.67,7.42,7.17,7.5,0
692,7.67,7.42,7.33,7.5,7.5,0
693,7.5,7.42,7.42,7.67,7.58,0
694,7.42,7.58,7.5,7.42,7.5,0
695,7.42,7.58,7.33,7.58,7.5,0
696,7.75,7.33,7.25,7.58,7.33,0
697,7.5,7.58,7.33,7.5,7.5,0
698,7.58,7.58,7.17,7.5,7.5,0
699,7.58,7.33,7.33,7.58,7.5,0
700,7.67,7.58,7.33,7.42,7.33,0
701,7.83,7.5,7.42,7.67,7.33,0
702,7.67,7.33,7.25,7.42,7.67,0
703,7.75,7.5,7.42,7.42,7.42,0
704,7.33,7.58,7.17,7.58,7.58,0
705,7.58,7.25,7.42,7.25,7.83,0
706,7.5,7.58,7.33,7.5,7.42,0
707,7.33,7.5,7.5,7.33,7.5,0
708,7.42,7.42,7.42,7.5,7.58,0
709,7.5,7.5,7.42,7.5,7.5,0
710,7.75,7.5,7.25,7.25,7.67,0
711,7.75,7.33,7.5,7.5,7.58,0
712,7.5,7.58,7.42,7.5,7.42,0
713,8.25,7.83,7.25,8.33,8.08,0
714,7.42,7.5,7.5,7.42,7.58,0
715,7.5,7.42,7.17,7.83,7.5,0
716,7.33,7.58,7.42,7.58,7.5,0
717,7.75,8.08,7.67,8.08,8.0,0
718,7.58,7.67,7.5,7.58,7.5,0
719,7.33,7.58,7.42,7.5,7.5,0
720,7.42,7.33,7.5,7.17,8.33,0
721,7.5,7.5,7.5,7.5,7.5,0
722,7.5,7.5,7.5,7.5,7.5,0
723,7.5,7.42,7.58,7.5,7.58,0
724,7.5,7.42,7.5,7.5,7.58,0
725,7.67,7.5,7.42,7.5,7.42,0
726,7.92,7.58,7.25,7.75,7.58,0
727,7.67,7.5,7.33,7.67,7.33,0
728,7.58,7.67,7.58,7.33,7.58,0
729,7.67,7.58,7.5,7.58,7.5,0
730,7.5,7.67,7.33,7.5,7.5,0
731,7.58,7.5,7.42,7.5,7.42,0
732,8.0,7.75,7.33,7.33,7.67,0
733,7.58,7.58,7.25,7.58,7.5,0
734,7.83,7.58,7.33,7.25,7.42,0
735,7.58,7.5,7.25,7.42,7.33,0
736,7.0,7.08,7.0,7.17,7.0,0
737,7.67,7.5,7.25,7.67,7.42,0
738,7.42,7.67,7.5,7.08,7.42,0
739,7.58,7.67,7.5,7.67,8.42,0
740,7.58,7.5,7.42,7.58,7.42,0
741,7.58,7.42,7.33,7.42,7.5,0
742,7.75,7.58,7.42,7.42,7.33,0
743,7.5,7.5,7.5,7.5,7.5,0
744,7.58,7.58,7.42,7.42,7.42,0
745,7.33,7.42,7.5,7.67,7.42,0
746,7.58,7.58,7.5,7.17,7.42,0
747,7.5,7.5,7.33,7.58,7.33,0
748,7.5,7.58,7.42,7.67,7.42,0
749,7.67,7.58,7.33,7.5,7.42,0
750,7.75,7.33,7.33,7.5,7.5,0
751,7.33,7.58,7.42,7.67,7.5,0
752,7.42,7.5,7.42,7.58,7.5,0
753,7.5,7.42,7.67,7.33,7.33,0
754,7.67,7.33,7.33,7.33,7.5,0
755,7.67,7.58,7.42,7.0,7.58,0
756,7.17,7.25,7.58,7.25,7.67,0
757,7.42,7.42,7.5,7.42,7.5,0
758,7.5,7.5,7.17,7.42,7.5,0
759,7.5,7.5,7.33,7.42,7.42,0
760,7.58,7.42,7.42,7.33,7.42,0
761,7.42,7.42,7.42,7.5,7.33,0
762,6.92,7.58,7.42,7.33,7.5,0
763,7.42,7.42,7.17,7.75,7.67,0
764,7.67,7.5,7.25,7.42,7.42,0
765,7.42,7.42,7.5,7.5,7.5,0
766,7.58,7.5,7.42,7.25,7.42,0
767,7.75,7.42,7.42,7.58,7.42,0
768,7.42,7.33,7.17,7.42,8.17,0
769,7.5,7.5,7.33,7.42,7.42,0
770,7.5,7.5,7.5,7.5,7.5,0
771,7.67,7.5,7.5,7.17,7.58,0
772,7.33,7.25,7.25,7.58,7.5,0
773,7.5,7.67,7.0,7.5,7.5,0
774,7.25,7.75,7.0,7.75,7.75,0
775,7.5,7.58,7.25,7.5,7.33,0
776,7.0,7.67,7.5,7.5,7.5,0
777,7.58,7.67,7.42,7.17,7.75,0
778,7.5,7.5,7.42,7.42,7.42,0
779,7.75,7.58,7.42,7.67,7.58,0
780,7.42,7.58,7.42,7.5,7.25,0
781,7.25,7.25,7.58,7.58,7.92,0
782,7.75,7.42,7.42,7.25,7.42,0
783,7.42,7.33,7.42,7.42,7.58,0
784,7.42,7.5,7.5,7.33,7.5,0
785,7.5,7.42,7.42,7.42,7.42,0
786,7.58,7.33,7.33,7.33,7.67,0
787,7.25,7.58,7.58,7.25,7.42,0
788,7.42,7.58,7.5,7.33,7.42,0
789,7.5,7.42,7.42,7.5,7.5,0
790,7.67,7.5,7.25,7.58,7.33,0
791,7.67,8.0,7.17,7.08,7.08,0
792,7.58,7.42,7.25,7.75,7.42,0
793,7.33,7.5,7.33,7.58,7.83,0
794,7.67,7.42,7.67,7.33,7.58,0
795,7.5,7.5,7.17,7.5,7.42,2
796,7.5,7.5,7.25,7.33,7.5,2
797,7.5,7.33,7.42,7.5,7.42,2
798,7.67,7.33,7.33,7.42,7.42,2
799,7.42,7.5,7.25,7.33,7.5,2
800,7.42,7.42,7.33,7.58,7.42,2
801,7.5,7.42,7.33,7.58,7.5,2
802,7.33,7.5,7.17,7.42,7.33,2
803,7.58,7.5,7.42,7.42,7.42,2
804,7.5,7.25,7.33,7.33,7.5,2
805,7.33,7.33,7.33,7.5,7.83,2
806,7.33,7.33,7.58,7.5,7.58,2
807,7.42,7.58,7.33,7.42,7.5,2
808,7.33,7.67,7.42,7.17,7.42,2
809,7.67,7.33,7.25,7.5,7.42,2
810,7.42,7.5,7.33,7.5,7.5,2
811,7.42,7.5,7.25,7.5,7.42,2
812,7.33,7.33,7.33,7.5,7.67,2
813,7.58,7.5,7.17,7.5,7.42,2
814,7.75,7.33,7.33,7.42,7.67,2
815,7.33,7.0,7.08,7.42,7.67,2
816,7.58,7.5,7.25,7.58,7.5,2
817,7.5,7.5,7.25,7.42,7.42,2
818,7.58,7.5,7.25,7.33,7.5,2
819,7.42,7.33,7.33,7.5,7.33,2
820,7.67,7.58,7.33,7.5,7.67,2
821,7.58,7.58,7.17,7.83,7.33,2
822,7.33,7.33,7.33,7.42,7.58,2
823,7.58,7.42,7.25,7.17,7.67,2
824,7.67,7.08,7.42,7.33,7.42,2
825,7.42,7.33,7.33,7.58,7.5,2
826,7.5,7.5,7.42,7.25,7.5,2
827,7.58,7.5,7.25,7.58,7.25,2
828,7.5,7.5,7.25,7.25,7.5,2
829,7.5,7.42,7.25,7.5,7.33,2
830,7.33,7.58,7.17,7.58,7.33,2
831,7.67,7.42,7.33,7.83,7.5,2
832,7.42,7.58,7.25,7.5,7.5,2
833,7.67,7.33,7.33,7.58,7.33,2
834,7.42,7.5,7.25,7.5,7.42,2
835,7.25,7.33,7.5,7.33,7.42,2
836,7.42,7.5,7.42,7.5,7.25,2
837,7.75,7.83,7.58,7.75,7.83,2
838,7.58,7.5,7.33,7.42,7.25,2
839,7.17,7.58,6.83,7.5,7.25,2
840,7.58,7.0,6.92,6.92,7.5,2
841,7.33,7.58,7.5,7.42,7.33,2
842,7.58,7.5,7.33,7.5,7.33,2
843,7.5,7.5,7.33,7.5,7.25,2
844,7.67,7.5,7.5,7.25,7.42,2
845,7.67,7.33,7.17,7.25,7.33,2
846,7.42,7.42,7.42,7.33,7.42,2
847,7.58,7.42,7.33,7.33,7.42,2
848,7.33,7.58,7.25,7.17,7.33,2
849,7.5,7.5,7.33,7.33,7.33,2
850,7.42,7.42,7.25,7.5,7.42,2
851,7.5,7.5,7.0,7.42,7.58,2
852,7.83,7.83,7.83,8.0,7.83,2
853,7.75,7.75,7.5,7.42,7.75,2
854,7.83,7.67,7.33,7.33,7.83,2
855,7.83,7.33,7.25,7.58,7.33,2
856,7.33,7.33,7.25,7.5,7.5,2
857,7.33,7.67,7.25,7.5,7.25,2
858,7.58,7.5,7.17,7.58,7.33,2
859,7.25,7.58,7.83,7.67,7.75,2
860,7.5,7.5,7.25,7.42,7.33,2
861,7.0,7.08,7.33,7.5,7.33,2
862,7.42,7.42,7.42,7.42,7.33,2
863,7.17,7.25,7.17,7.25,8.25,2
864,7.5,7.5,7.33,7.42,7.25,2
865,7.42,7.5,7.17,7.67,7.42,2
866,7.42,7.5,7.33,7.58,7.33,2
867,7.33,7.42,7.33,7.67,7.25,2
868,7.5,7.42,7.25,7.33,7.25,2
869,7.33,7.42,7.33,7.33,7.67,2
870,7.42,7.58,6.92,7.08,8.0,2
871,7.42,7.5,7.25,7.5,7.25,2
872,7.42,7.42,7.08,7.42,7.42,2
873,7.42,7.33,7.17,7.67,7.42,2
874,7.58,7.5,7.33,7.33,7.25,2
875,7.17,7.33,7.33,7.42,7.33,2
876,7.58,7.5,7.25,7.25,7.25,2
877,7.75,7.75,7.75,7.67,7.83,2
878,7.25,7.75,6.92,7.42,7.58,2
879,7.42,7.33,7.25,7.42,7.42,2
880,7.33,7.33,7.5,7.25,7.33,2
881,7.25,7.42,7.25,7.5,7.42,2
882,7.17,7.42,7.33,7.42,7.42,2
883,7.5,7.33,7.5,7.5,7.17,2
884,7.5,7.17,7.17,7.17,7.08,2
885,7.42,7.42,7.67,8.0,7.5,2
886,7.5,7.5,7.5,7.25,7.25,2
887,7.58,7.42,7.33,7.42,7.33,2
888,7.5,7.42,7.08,7.58,7.33,2
889,7.5,7.67,7.33,7.33,7.33,2
890,7.25,7.67,7.58,7.67,7.58,2
891,7.67,7.25,7.17,7.75,7.25,2
892,7.5,7.42,7.33,7.42,7.42,2
893,7.58,7.42,7.25,7.58,7.17,2
894,7.75,7.58,7.25,7.17,7.33,2
895,7.42,7.33,7.33,7.33,7.83,2
896,7.5,7.42,7.08,7.42,7.33,2
897,7.42,7.42,7.08,7.5,7.33,2
898,7.42,7.42,7.25,7.67,7.25,2
899,7.58,7.42,7.5,7.17,7.58,2
900,7.42,7.42,7.33,7.42,7.33,2
901,7.42,7.42,7.17,7.58,7.33,2
902,7.33,7.17,7.08,7.08,8.25,2
903,7.42,7.42,7.33,7.33,7.25,2
904,7.42,7.33,7.17,7.58,7.5,2
905,7.67,7.5,7.42,7.5,7.42,2
906,7.33,7.5,7.25,7.5,7.17,2
907,7.67,7.58,7.42,7.58,7.42,2
908,7.08,7.33,7.58,7.58,7.5,2
909,7.33,7.33,7.17,7.5,7.33,2
910,7.25,7.17,7.33,7.33,7.75,2
911,7.67,7.58,7.17,7.42,7.42,2
912,7.5,7.42,7.33,7.33,7.33,2
913,7.5,7.5,7.33,7.42,7.25,2
914,7.5,7.42,7.25,7.25,7.25,2
915,7.5,7.42,7.33,7.08,7.25,2
916,7.25,7.42,7.25,7.5,7.33,2
917,7.83,7.33,7.08,7.08,7.5,2
918,7.67,7.42,6.92,7.5,7.17,2
919,7.5,7.42,7.17,7.58,7.42,2
920,7.42,7.33,7.67,7.33,7.5,2
921,7.58,7.5,7.5,7.67,7.83,2
922,7.42,7.33,7.25,7.42,7.33,2
923,7.5,7.42,7.25,7.25,7.33,2
924,7.33,7.33,7.17,7.42,7.5,2
925,7.58,7.42,7.25,7.42,7.33,2
926,7.42,7.25,7.17,7.42,8.0,2
927,7.33,7.5,7.33,7.33,7.42,2
928,7.42,7.42,7.33,7.17,7.42,2
929,7.5,7.5,7.25,7.5,7.58,2
930,7.75,7.17,7.17,7.33,7.33,2
931,7.5,7.42,7.17,7.42,7.33,2
932,7.33,7.5,7.33,7.42,7.33,2
933,7.42,7.42,7.17,7.42,7.33,2
934,7.33,7.33,7.33,7.5,7.83,2
935,7.58,7.33,7.08,7.33,7.33,2
936,7.42,7.33,7.08,7.58,7.25,2
937,7.33,7.5,7.5,7.33,7.42,2
938,7.5,7.33,7.17,7.25,7.42,2
939,7.83,7.75,7.42,7.17,7.08,2
940,7.58,7.17,7.33,7.42,7.42,2
941,7.25,7.5,7.42,7.17,7.33,2
942,7.42,7.5,7.17,7.42,7.42,2
943,7.67,7.33,7.25,7.17,7.42,2
944,7.42,7.42,7.17,7.33,7.42,2
945,7.42,7.33,7.25,7.42,7.5,2
946,7.42,7.33,7.25,7.17,7.42,2
947,7.42,7.42,7.25,7.25,7.33,2
948,7.5,7.42,7.25,7.17,7.75,2
949,7.75,7.33,7.42,7.0,7.25,2
950,7.83,7.0,7.0,7.58,7.5,2
951,7.5,7.33,7.33,7.17,7.42,2
952,7.5,7.5,7.0,7.17,7.33,2
953,7.67,7.42,7.0,7.42,7.08,2
954,7.25,7.33,7.33,7.33,7.42,2
955,7.58,7.42,7.17,7.42,7.17,2
956,7.17,7.33,7.42,7.25,7.33,2
957,7.08,7.33,7.42,7.33,7.5,2
958,7.75,7.33,7.08,7.33,7.25,2
959,7.33,7.33,7.17,7.33,7.33,2
960,7.58,7.42,7.25,7.33,7.25,2
961,7.33,7.25,7.17,7.42,7.33,2
962,7.5,7.58,7.5,7.5,7.83,2
963,7.83,7.75,7.67,7.83,7.75,2
964,7.17,7.42,7.17,7.08,8.17,2
965,7.08,7.5,7.33,7.17,7.25,2
966,7.42,7.17,7.17,7.5,7.25,2
967,7.33,7.42,7.17,7.25,7.33,2
968,7.33,7.17,7.17,7.5,7.42,2
969,7.5,7.5,7.25,7.25,7.25,2
970,7.5,7.33,7.5,7.58,7.25,2
971,7.42,7.42,7.33,7.33,7.42,2
972,7.33,7.5,7.17,7.17,7.17,2
973,7.67,7.17,7.17,7.33,7.17,2
974,7.75,7.58,7.08,7.25,7.25,2
975,7.5,7.5,7.33,7.17,7.17,2
976,7.42,7.33,7.0,7.42,7.33,2
977,6.83,7.42,7.42,7.17,7.42,2
978,7.25,7.25,7.25,7.08,7.5,2
979,7.58,7.17,7.17,7.33,7.25,2
980,7.58,7.25,7.33,7.08,7.33,2
981,7.33,7.08,7.33,7.25,7.58,2
982,7.42,7.42,7.17,7.42,7.25,2
983,7.42,7.25,7.08,7.75,7.17,2
984,7.42,7.25,7.33,7.25,7.42,2
985,7.42,7.33,7.25,7.42,7.17,2
986,7.25,7.75,7.67,7.67,7.67,2
987,7.42,7.33,7.17,7.33,7.17,2
988,7.58,7.42,7.5,7.25,7.58,2
989,7.33,7.33,7.33,7.42,7.33,2
990,7.42,7.17,7.33,7.42,7.33,2
991,7.42,7.33,7.33,7.25,7.33,2
992,7.42,7.25,7.17,7.25,7.58,2
993,7.67,7.75,7.67,7.58,7.67,2
994,7.25,7.42,7.33,7.33,7.33,2
995,7.33,7.25,7.33,7.42,7.42,2
996,7.33,7.33,7.25,7.42,7.25,2
997,7.42,7.33,7.25,7.42,7.25,2
998,7.42,7.42,7.25,7.58,7.17,2
999,7.25,7.25,7.17,7.5,7.17,2
1000,7.42,7.08,7.08,7.33,7.58,2
1001,7.33,7.17,7.17,7.67,7.17,2
1002,7.42,7.25,7.17,7.5,7.17,2
1003,7.67,7.5,7.42,5.25,7.75,2
1004,7.5,7.25,7.0,7.25,7.25,2
1005,7.25,7.17,7.17,7.25,7.33,2
1006,7.42,7.25,7.25,7.33,7.17,2
1007,7.67,7.75,7.83,7.75,7.75,2
1008,7.33,7.33,7.08,7.42,7.33,2
1009,7.33,6.92,7.17,7.33,7.42,2
1010,7.5,6.92,7.33,7.33,7.33,2
1011,7.33,7.42,7.25,7.42,7.17,2
1012,7.08,7.33,7.33,7.33,7.25,2
1013,7.58,7.67,7.5,7.67,7.5,2
1014,7.33,7.17,7.25,7.33,7.25,2
1015,7.67,7.67,7.33,7.58,7.5,2
1016,7.17,7.58,7.5,7.5,7.75,2
1017,7.5,7.33,7.17,7.42,7.33,2
1018,7.17,7.42,7.0,7.58,7.0,2
1019,7.42,7.08,7.17,7.17,7.25,2
1020,7.33,7.17,7.17,7.25,7.33,2
1021,7.25,7.33,7.25,7.25,7.33,2
1022,7.92,7.67,7.33,7.08,7.08,2
1023,7.17,7.42,7.17,7.25,7.33,2
1024,7.33,7.08,7.25,7.0,7.42,2
1025,7.58,7.42,6.92,7.5,7.17,2
1026,7.42,7.25,7.25,7.25,7.25,2
1027,7.25,7.17,7.08,7.08,8.08,2
1028,7.42,7.25,7.25,7.25,7.25,2
1029,7.58,7.33,7.08,7.5,7.25,2
1030,7.67,7.58,7.33,7.33,7.0,2
1031,7.42,7.33,7.17,7.17,7.25,2
1032,7.67,7.25,7.08,7.33,7.25,2
1033,7.17,7.08,7.25,7.42,7.33,2
1034,7.33,7.25,7.33,7.33,7.17,2
1035,7.5,7.17,7.33,7.25,7.17,2
1036,7.42,7.33,7.0,7.25,7.5,2
1037,7.33,7.33,7.0,6.83,7.67,2
1038,7.17,7.25,7.08,7.17,7.58,2
1039,6.92,7.5,7.0,7.58,7.08,2
1040,7.5,7.33,7.0,7.42,7.17,2
1041,7.25,7.25,7.17,7.25,7.25,2
1042,7.5,7.33,7.0,7.42,7.17,2
1043,7.25,7.33,7.17,7.33,7.17,2
1044,7.42,7.17,7.08,7.42,7.25,2
1045,7.25,7.33,7.08,7.5,7.33,2
1046,7.33,7.33,7.25,7.25,7.17,2
1047,7.58,7.33,7.42,7.25,7.5,2
1048,7.42,7.0,7.42,7.25,7.33,2
1049,7.08,7.33,7.17,7.25,7.67,2
1050,7.33,7.08,7.08,7.08,7.33,2
1051,7.58,7.42,7.0,7.67,7.5,2
1052,7.67,7.42,6.83,7.17,7.17,2
1053,7.83,7.5,7.67,7.67,7.5,2
1054,7.5,7.25,7.17,7.17,7.17,2
1055,7.25,7.17,7.17,7.25,7.42,2
1056,7.67,7.5,7.42,7.67,7.75,2
1057,7.67,7.17,7.0,7.5,7.0,2
1058,7.0,7.33,7.5,7.33,7.33,2
1059,7.0,7.5,7.33,7.17,7.17,2
1060,7.17,7.25,7.08,7.42,7.42,2
1061,7.33,7.25,7.33,7.08,7.25,2
1062,7.08,7.5,7.0,7.25,7.0,2
1063,7.25,7.08,7.08,7.33,7.25,2
1064,7.42,7.25,7.33,7.0,7.25,2
1065,7.5,7.17,7.0,7.42,7.0,2
1066,7.17,7.42,6.83,7.5,7.25,2
1067,7.42,7.58,7.5,7.92,7.83,2
1068,7.08,7.25,7.0,7.5,7.33,2
1069,7.17,7.17,7.17,7.42,7.25,2
1070,7.33,7.25,7.08,7.17,7.17,2
1071,7.58,7.33,7.0,7.17,7.08,2
1072,7.25,7.25,7.17,7.17,7.17,2
1073,7.25,7.33,7.17,7.5,7.25,2
1074,7.17,7.33,7.17,7.42,7.08,2
1075,7.5,7.17,6.83,7.5,7.17,2
1076,7.42,7.42,7.08,7.33,7.5,2
1077,7.42,7.33,7.33,7.58,7.42,2
1078,7.5,7.5,7.0,7.67,7.0,2
1079,7.25,7.25,7.08,7.33,7.17,2
1080,7.25,7.42,7.0,7.42,7.0,2
1081,7.58,7.17,7.17,7.17,7.17,2
1082,7.33,7.17,7.08,7.08,7.17,2
1083,7.25,7.08,7.25,7.17,7.17,2
1084,7.25,7.25,7.17,7.25,7.25,2
1085,6.92,7.17,7.08,7.5,7.17,2
1086,7.42,7.08,7.08,7.33,7.17,2
1087,7.08,7.25,7.17,7.33,7.08,2
1088,7.25,7.17,7.0,7.25,7.08,2
1089,7.25,7.17,7.25,7.25,7.08,2
1090,7.25,7.25,7.08,7.25,7.25,2
1091,7.33,7.33,6.83,7.5,7.17,2
1092,7.25,7.08,7.08,7.33,7.17,2
1093,7.17,7.5,6.92,7.33,7.33,2
1094,7.25,7.25,7.25,7.33,8.0,2
1095,7.17,7.33,7.42,7.08,7.0,2
1096,7.25,7.25,7.0,7.0,7.0,2
1097,7.25,7.17,7.0,7.33,7.0,2
1098,8.0,7.08,7.0,7.33,6.92,2
1099,7.42,7.0,7.08,7.0,7.33,2
1100,7.08,6.92,7.0,7.25,7.25,2
1101,7.5,7.08,7.67,7.67,7.58,2
1102,7.42,8.0,7.83,7.75,7.58,2
1103,7.25,7.08,7.25,7.25,7.25,2
1104,7.0,7.17,7.33,7.33,7.17,2
1105,7.58,7.33,7.17,7.25,7.0,2
1106,7.42,7.25,7.25,7.58,7.33,2
1107,7.17,7.08,7.08,7.33,7.08,2
1108,7.25,7.25,7.0,7.17,7.08,2
1109,7.33,7.33,7.0,7.17,7.17,2
1110,7.33,7.08,6.92,7.42,7.08,2
1111,7.58,7.42,7.33,7.5,7.17,2
1112,7.33,7.33,7.17,7.08,7.0,2
1113,7.33,7.33,7.0,7.33,7.0,2
1114,7.58,7.5,7.33,7.33,7.33,2
1115,7.17,7.17,7.0,7.17,7.25,2
1116,7.42,7.25,7.25,7.17,7.0,2
1117,7.25,7.17,6.92,7.25,7.25,2
1118,7.25,7.25,7.25,7.25,7.0,2
1119,7.25,7.25,7.25,7.0,7.08,2
1120,7.25,7.25,7.25,7.08,7.08,2
1121,7.33,7.17,7.25,7.08,7.08,2
1122,7.25,7.08,7.0,7.17,7.17,2
1123,7.33,7.08,6.92,7.08,7.17,2
1124,7.17,7.33,7.0,7.42,7.0,2
1125,7.58,7.75,7.42,7.5,7.5,2
1126,7.25,7.25,7.25,7.0,7.0,2
1127,7.33,6.67,7.08,7.42,7.08,2
1128,7.25,7.25,7.08,7.17,7.33,2
1129,7.08,7.33,7.0,7.33,7.0,2
1130,7.42,7.42,7.5,7.92,7.58,2
1131,7.83,7.67,7.58,7.75,7.17,2
1132,7.5,7.0,7.0,6.92,7.17,2
1133,7.33,7.08,7.08,7.33,7.17,2
1134,7.17,7.17,6.92,7.25,7.08,2
1135,7.5,7.17,7.0,7.17,7.08,2
1136,7.17,7.08,7.08,7.08,7.33,2
1137,7.33,7.25,7.0,7.42,7.17,2
1138,7.17,7.33,7.08,7.58,7.08,2
1139,7.5,7.42,7.58,7.42,7.58,2
1140,7.0,7.08,7.0,7.17,7.25,2
1141,7.33,7.25,6.92,7.33,7.33,2
1142,6.83,7.17,7.17,6.92,7.08,2
1143,7.17,7.08,7.0,7.25,7.0,2
1144,7.58,7.08,6.83,7.17,7.17,2
1145,7.5,7.42,7.25,7.58,7.42,2
1146,7.75,7.33,7.17,7.33,7.83,2
1147,7.08,7.08,7.25,7.0,7.17,2
1148,7.25,7.08,6.92,7.5,6.92,2
1149,7.0,7.08,7.0,7.25,7.42,2
1150,7.58,7.5,7.67,7.75,7.58,2
1151,7.58,7.08,7.0,7.0,6.92,2
1152,7.58,7.08,6.92,7.58,6.92,2
1153,7.25,7.08,7.0,7.17,7.08,2
1154,7.25,7.17,7.17,7.08,7.0,2
1155,7.33,7.25,7.0,7.08,7.0,2
1156,7.58,7.33,7.5,7.33,7.33,2
1157,7.25,6.83,6.92,7.08,7.08,2
1158,7.42,7.42,7.25,7.58,7.33,2
1159,7.25,7.08,7.0,6.83,7.17,2
1160,6.92,7.17,6.83,7.42,7.08,2
1161,7.5,7.0,6.83,7.08,7.17,2
1162,7.42,7.25,6.83,7.58,6.58,2
1163,7.33,7.17,7.0,6.75,7.0,2
1164,6.92,7.17,7.17,7.17,7.08,2
1165,7.17,7.17,7.0,7.0,6.92,2
1166,7.08,7.0,6.92,7.33,7.08,2
1167,7.25,6.92,6.92,7.33,7.0,2
1168,7.25,7.17,7.0,6.75,7.33,2
1169,7.08,7.0,6.83,7.33,7.0,2
1170,6.92,6.92,7.0,7.42,7.0,2
1171,6.92,7.0,7.17,7.0,7.0,2
1172,7.83,7.5,7.42,7.42,7.5,2
1173,7.25,7.08,6.92,7.25,7.08,2
1174,7.25,7.33,7.0,7.25,7.17,2
1175,7.08,7.33,7.25,7.58,7.42,2
1176,7.25,7.33,6.83,7.0,7.17,2
1177,7.0,6.83,6.83,7.42,7.17,2
1178,7.42,7.25,6.83,7.0,7.08,2
1179,7.42,7.25,6.75,7.25,7.25,2
1180,7.0,7.0,6.83,7.33,6.92,2
1181,7.42,7.17,7.08,7.17,7.08,2
1182,7.17,6.5,6.33,7.25,7.33,2
1183,7.08,6.83,6.83,7.25,7.08,2
1184,7.0,7.0,6.92,7.17,7.08,2
1185,7.33,7.42,7.33,7.42,7.42,2
1186,7.58,7.0,6.75,6.92,6.92,2
1187,7.08,7.0,6.92,7.42,6.92,2
1188,7.25,7.17,6.75,7.25,6.92,2
1189,7.17,7.42,7.5,8.0,7.83,2
1190,7.25,7.08,6.92,7.08,7.17,2
1191,7.17,6.92,6.92,7.08,7.0,2
1192,6.75,6.75,6.83,7.25,7.08,2
1193,7.58,7.67,7.42,7.42,7.67,2
1194,7.42,7.08,6.75,7.33,6.92,2
1195,7.33,7.0,6.92,7.25,7.08,2
1196,7.25,7.08,6.75,7.33,7.0,2
1197,7.17,7.25,7.25,7.17,7.08,2
1198,6.75,6.75,6.42,6.83,7.5,2
1199,7.33,7.17,6.58,7.42,6.83,2
1200,7.0,7.0,7.0,7.0,7.0,2
1201,7.67,7.17,7.08,7.25,7.5,2
1202,6.75,7.08,6.67,7.25,7.08,2
1203,7.5,7.17,6.92,7.5,7.0,2
1204,7.17,6.83,6.83,7.25,6.92,2
1205,7.33,7.0,6.75,7.08,7.25,2
1206,7.5,7.0,6.92,7.08,6.75,2
1207,7.17,7.0,6.92,7.0,7.0,2
1208,7.5,6.92,6.92,7.25,7.42,2
1209,7.33,7.08,6.33,7.25,7.0,2
1210,7.25,6.83,6.83,7.0,7.0,2
1211,7.25,7.33,7.17,7.25,7.0,2
1212,7.67,7.17,6.83,7.33,7.17,2
1213,7.0,6.92,6.83,7.17,7.17,2
1214,6.92,6.92,6.67,7.25,6.92,2
1215,7.08,7.0,6.75,6.83,6.92,2
1216,6.83,7.08,6.92,6.75,7.08,2
1217,7.33,7.17,6.92,7.58,7.17,2
1218,6.83,6.75,7.17,7.25,6.92,2
1219,7.0,7.0,6.75,7.33,6.92,2
1220,7.92,7.58,7.58,7.92,7.5,2
1221,7.92,6.83,7.08,7.42,7.33,2
1222,7.25,6.75,6.92,6.92,7.58,2
1223,7.08,6.83,6.83,7.0,6.92,2
1224,7.25,7.17,7.0,6.83,7.08,2
1225,6.83,7.0,6.92,7.08,6.83,2
1226,7.58,7.17,7.0,7.17,7.0,2
1227,7.5,7.75,7.58,7.83,7.92,2
1228,7.17,6.5,6.67,7.0,7.17,2
1229,7.17,7.17,6.5,7.17,6.83,2
1230,7.25,7.25,7.0,7.5,7.42,2
1231,7.17,6.08,6.17,7.25,7.33,2
1232,7.5,7.5,7.33,7.58,7.42,2
1233,7.42,7.33,7.33,7.5,7.75,2
1234,6.92,6.83,6.92,6.92,6.83,2
1235,7.08,6.83,6.67,7.25,6.92,2
1236,7.5,7.08,7.33,7.17,7.5,2
1237,6.83,7.0,6.67,7.0,6.83,2
1238,7.58,7.33,7.5,7.42,7.33,2
1239,7.42,7.25,6.83,7.33,6.92,2
1240,7.33,7.17,6.92,7.08,7.0,2
1241,7.0,6.83,6.83,7.17,6.83,2
1242,7.25,7.33,7.0,7.0,7.08,2
1243,7.42,7.17,7.0,7.17,7.17,2
1244,7.5,7.25,7.42,7.0,6.83,2
1245,7.42,7.25,7.0,7.0,7.08,2
1246,7.17,6.17,6.17,7.08,6.83,2
1247,7.42,7.0,7.0,7.17,7.0,2
1248,7.0,6.75,6.67,6.83,6.83,2
1249,7.0,6.83,6.67,7.17,6.83,2
1250,7.17,6.75,6.58,7.33,7.17,2
1251,7.58,7.67,7.58,7.67,7.42,2
1252,7.17,6.75,6.58,6.75,6.75,2
1253,7.08,6.92,6.33,7.0,7.0,2
1254,7.5,7.33,7.42,7.58,6.92,2
1255,7.33,7.0,6.83,7.17,7.17,2
1256,7.33,7.0,6.67,7.0,6.92,2
1257,6.83,6.83,6.83,6.75,6.92,2
1258,7.08,6.92,6.83,6.67,7.42,2
1259,7.08,7.0,7.0,7.25,7.25,2
1260,7.42,7.75,7.42,7.67,7.83,2
1261,7.67,7.33,7.17,6.67,7.42,2
1262,6.67,6.33,6.42,6.83,6.92,2
1263,6.42,6.5,6.5,7.33,6.92,2
1264,7.17,6.58,6.58,7.0,6.58,2
1265,7.5,7.0,6.83,7.5,7.33,2
1266,6.17,6.5,6.5,7.17,6.83,2
1267,7.25,7.08,6.83,7.17,6.83,2
1268,7.5,7.33,7.33,7.58,7.25,2
1269,7.42,7.0,6.83,7.08,6.83,2
1270,7.33,7.0,6.5,6.08,6.33,2
1271,7.08,6.83,6.83,7.17,7.08,2
1272,6.83,6.83,6.67,6.83,6.83,2
1273,6.83,6.5,6.5,6.92,7.0,2
1274,7.17,7.0,6.83,7.5,7.0,2
1275,7.92,7.58,7.17,7.58,7.17,2
1276,6.67,6.5,6.33,7.0,6.75,2
1277,7.5,7.25,6.92,7.0,6.83,2
1278,7.17,6.92,6.67,6.83,7.75,2
1279,7.25,6.83,6.67,7.08,6.83,2
1280,7.17,7.17,6.83,7.17,6.67,2
1281,7.0,6.92,6.75,6.92,6.83,2
1282,7.08,6.75,6.58,7.0,6.75,2
1283,7.33,6.75,6.67,7.25,7.0,2
1284,6.75,6.5,6.17,7.0,6.75,2
1285,6.75,6.67,6.17,7.17,6.58,2
1286,7.08,7.0,6.83,7.5,6.83,2
1287,7.5,7.25,7.0,7.25,7.33,2
1288,6.5,6.33,6.5,7.5,6.83,2
1289,7.0,6.58,6.67,6.83,6.83,2
1290,6.92,6.42,6.17,7.33,6.75,2
1291,7.67,7.0,7.17,7.58,7.33,2
1292,7.17,7.17,7.17,7.58,6.92,2
1293,7.25,6.58,6.58,7.0,6.42,2
1294,7.0,7.17,6.83,7.17,7.17,2
1295,7.08,7.08,6.92,7.08,6.92,2
1296,8.0,7.33,7.75,7.33,7.67,2
1297,6.92,6.92,6.92,7.5,7.17,2
1298,6.92,6.75,7.08,7.17,6.67,2
1299,6.33,6.5,6.33,6.83,6.5,2
1300,6.92,6.92,6.92,6.92,7.0,2
1301,6.5,6.67,6.42,7.17,6.5,2
1302,6.92,7.0,6.83,6.92,6.92,2
1303,7.0,7.0,6.83,7.0,6.83,2
1304,6.67,6.5,6.17,6.67,6.17,2
1305,7.0,6.17,6.17,6.67,6.17,2
1306,7.0,6.33,6.17,6.5,6.17,2
1307,7.08,6.83,6.25,7.42,6.75,2
1308,6.75,6.58,6.42,6.67,6.67,2
1309,7.25,6.58,6.33,6.25,6.08,2
1310,7.5,6.67,6.67,7.67,6.67,2
1312,0.0,0.0,0.0,0.0,0.0,2
